Author,Genre,,,,,,
Walter Isaacson,Biography,,,,,,Genre
Anne Frank,Biography,,,,,,Art
Laura Hillenbrand,Biography,,,,,,Biography
David McCullough,Biography,,,,,,Business
Tina Fey,Biography,,,,,,Children
Rebecca Skloot,Biography,,,,,,Classics
Ron Chernow,Biography,,,,,,Cooking
Ashlee Vance,Biography,,,,,,Crime
Jon Krakauer,Biography,,,,,,Fantasy
Malala Yousafzai,Biography,,,,,,Fiction
Michelle Obama,Biography,,,,,,Historical fiction
Malcolm X,Biography,,,,,,History
Elie Wiesel,Biography,,,,,,Horror
Trevoe Noah,Biography,,,,,,Humor
Tara Westover,Biography,,,,,,Music
Richard P. Feynman,Biography,,,,,,Mystery
Amy Poehler,Biography,,,,,,Nonfiction
Stacy Schiff,Biography,,,,,,Philosophy
Jeannette Walls,Biography,,,,,,Poetry
Doris Kearns Goodwin,Biography,,,,,,Religion
Robert K. Massie,Biography,,,,,,Science
Frank McCourt,Biography,,,,,,Science fiction
Eric Metaxas,Biography,,,,,,Suspense
Maya Angelou,Biography,,,,,,Spirituality
Edmund Morris,Biography,,,,,,Sports
Benjamin Franklin,Biography,,,,,,Travel
Paul Kalanithi,Biography,,,,,,Young adult
Cheryl Strayed,Biography,,,,,,
Corrie ten Boom,Biography,,,,,,
Barack Obama,Biography,,,,,,
Nelson Mandela,Biography,,,,,,
J.D. Vance,Biography,,,,,,
Elizabeth Gilbert,Biography,,,,,,
Mindy Kaling,Biography,,,,,,
Frederick Douglass,Biography,,,,,,
Mitch Albom,Biography,,,,,,
Irin Carmon,Biography,,,,,,
Jon Meacham,Biography,,,,,,
Patti Smith,Biography,,,,,,
Sylvia Nasar,Biography,,,,,,
Steve Martin,Biography,,,,,,
Phil Knight,Biography,,,,,,
Anthony Bourdain,Biography,,,,,,
Jon Berger,Art,,,,,,
E.H. Gombrich,Art,,,,,,
Betty Edwards,Art,,,,,,
Austin Kleon,Art,,,,,,
Banksy,Art,,,,,,
Julia Cameron,Art,,,,,,
Tracy Chevalier,Art,,,,,,
Phaidon Press,Art,,,,,,
David Bayles,Art,,,,,,
Donna Tartt,Art,,,,,,
Sarah Thornton,Art,,,,,,
Wassily Kandinsky,Art,,,,,,
Vincent van Gogh,Art,,,,,,
Scott McCloud,Art,,,,,,
Umberto Eco,Art,,,,,,
Victoria Finlay,Art,,,,,,
Susan Sontag,Art,,,,,,
M.C. Escher,Art,,,,,,
Frida Kahlo,Art,,,,,,
Helen Gardner,Art,,,,,,
B.A. Shapiro,Art,,,,,,
Robert Hughes,Art,,,,,,
Steven Pressfield,Art,,,,,,
H.W. Janson,Art,,,,,,
Giorgio Vasari,Art,,,,,,
Irving Stone,Art,,,,,,
Rainer Metzger,Art,,,,,,
Leonardo da Vinci,Art,,,,,,
Danny Gregory,Art,,,,,,
Ross King,Art,,,,,,
James Gurney,Art,,,,,,
Brian Froud,Art,,,,,,
Andy Warhol,Art,,,,,,
Nick Bantock,Art,,,,,,
Steven Naifeh,Art,,,,,,
Frank Warren,Art,,,,,,
Peter Reynolds,Art,,,,,,
Robert Henri,Art,,,,,,
Andrew Loomis,Art,,,,,,
Will Gompertz,Art,,,,,,
Hayden Herrera,Art,,,,,,
Josef Albers,Art,,,,,,
Roland Barthes,Art,,,,,,
Robert M. Edsel,Art,,,,,,
Eric Ries,Business,,,,,,
Peter Thiel,Business,,,,,,
Malcolm Gladwell,Business,,,,,,
Dale Carnegie,Business,,,,,,
Timothy Ferriss,Business,,,,,,
Stephen R. Covey,Business,,,,,,
Jason Fried,Business,,,,,,
Robert T. Kiyosaki,Business,,,,,,
Simon Sinek,Business,,,,,,
Steven D. Levitt,Business,,,,,,
Ben Horowitz,Business,,,,,,
Michael E. Gerber,Business,,,,,,
Clayton M. Christensen,Business,,,,,,
Charles Duhigg,Business,,,,,,
Chip Heath,Business,,,,,,
Sheryl Sandberg,Business,,,,,,
Napoleon Hill,Business,,,,,,
David Allen,Business,,,,,,
Spencer Johnson,Business,,,,,,
Patrick Lencioni,Business,,,,,,
Ed Catmull,Business,,,,,,
Robert B. Cialdini,Business,,,,,,
Daniel H. Pink,Business,,,,,,
James C. Collins,Business,,,,,,
Tony Hsieh,Business,,,,,,
W. Chan Kim,Business,,,,,,
Eliyahu M. Goldratt,Business,,,,,,
Josh Kaufman,Business,,,,,,
Chris Guillebeau,Business,,,,,,
Benjamin Graham,Business,,,,,,
Daniel Kahneman,Business,,,,,,
Brad Stone,Business,,,,,,
Seth Godin,Business,,,,,,
Michael Lewis,Business,,,,,,
Alexander Osterwalder,Business,,,,,,
John Brooks,Business,,,,,,
John Carreyrou,Business,,,,,,
Kenneth H. Blanchard,Business,,,,,,
Peter F. Drucker,Business,,,,,,
Chris Voss,Business,,,,,,
Geoffrey A. Moore,Business,,,,,,
Kerry Patterson,Business,,,,,,
Nassim Nicholas Taleb,Business,,,,,,
E.B. White,Children,,,,,,
J.K. Rowling,Fantasy,,,,,,
Maurice Sendak,Children,,,,,,
Shel Silverstein,Children,,,,,,
Dr. Seuss,Children,,,,,,
Roald Dahl,Children,,,,,,
C.S. Lewis,Fantasy,,,,,,
Antoine de Saint-Exupery,Children,,,,,,
Frances Hodgson Burnett,Children,,,,,,
Madeleine L'Engle,Children,,,,,,
Eric Carle,Children,,,,,,
Margaret Wise Brown,Children,,,,,,
Lemony Snicket,Children,,,,,,
A.A. Milne,Children,,,,,,
L. Frank Baum,Children,,,,,,
L.M. Montgomery,Children,,,,,,
Margery Williams Bianco,Children,,,,,,
Lewis Carroll,Children,,,,,,
Neil Gaiman,Children,,,,,,
J.M. Barrie,Children,,,,,,
Katherine Paterson,Children,,,,,,
Norton Juster,Children,,,,,,
Louis Sachar,Children,,,,,,
Kenneth Grahame,Children,,,,,,
Beatrix Potter,Children,,,,,,
Laura Ingalls Wilder,Children,,,,,,
Lois Lowry,Children,,,,,,
Irma S. Rombauer,Cooking,,,,,,
Amy Crenn,Cooking,,,,,,
Mark Bittman,Cooking,,,,,,
Julia Child,Cooking,,,,,,
Deb Perelman,Cooking,,,,,,
Mollie Katzen,Cooking,,,,,,
Isa Chandra Moskowitz,Cooking,,,,,,
Yotam Ottolenghi,Cooking,,,,,,
Ree Drummond,Cooking,,,,,,
Samin Nosrat,Cooking,,,,,,
Chrissy Teigen,Cooking,,,,,,
Ina Garten,Cooking,,,,,,
Giada de Laurentiis,Cooking,,,,,,
Nigella Lawson,Cooking,,,,,,
Alice Waters,Cooking,,,,,,
Jeff Hertzberg,Cooking,,,,,,
Marcella Hazan,Cooking,,,,,,
J. Kenji Lopez,Cooking,,,,,,
Alana Chernila,Cooking,,,,,,
Deborah Madison,Cooking,,,,,,
Karen Page,Cooking,,,,,,
Alton Brown,Cooking,,,,,,
Julee Rosso,Cooking,,,,,,
Emma Watson,Cooking,,,,,,
Angela Liddon,Cooking,,,,,,
David Chang,Cooking,,,,,,
Rachael Ray,Cooking,,,,,,
Heidi Swanson,Cooking,,,,,,
Peter Reinhart,Cooking,,,,,,
Harold McGee,Cooking,,,,,,
Sally Fallon,Cooking,,,,,,
David Lebovitz,Cooking,,,,,,
Dorie Greenspan,Cooking,,,,,,
Stieg Larsson,Crime,,,,,,
Gillian Flynn,Crime,,,,,,
Paula Hawkins,Crime,,,,,,
Agatha Christie,Crime,,,,,,
Robert Galbraith,Crime,,,,,,
Truman Capote,Crime,,,,,,
Arthur Conan Doyle,Crime,,,,,,
Tana French,Crime,,,,,,
Mario Puzo,Crime,,,,,,
Thomas Harris,Crime,,,,,,
Dan Brown,Crime,,,,,,
Tanya Thompson,Crime,,,,,,
Raymond Chandler,Crime,,,,,,
Erik Larson,Crime,,,,,,
Jo Nesbo,Crime,,,,,,
Michelle McNamara,Crime,,,,,,
Lee Child,Crime,,,,,,
Patricia Daniels Cornwell,Crime,,,,,,
Jeff Lindsay,Crime,,,,,,
Kathy Reichs,Crime,,,,,,
Tess Gerritsen,Crime,,,,,,
Alice Sebold,Crime,,,,,,
Jane Harper,Crime,,,,,,
R.D. Ronald,Crime,,,,,,
Michael Connelly,Crime,,,,,,
James Ellroy,Crime,,,,,,
James Patterson,Crime,,,,,,
Ben Aaronovitch,Crime,,,,,,
Jeffrey Deaver,Crime,,,,,,
Vincent Bugliosi,Crime,,,,,,
J.R.R. Tolkien,Fantasy,,,,,,
George R.R. Martin,Fantasy,,,,,,
Patrick Rothfuss,Fantasy,,,,,,
Philip Pullman,Fantasy,,,,,,
Christopher Paolini,Fantasy,,,,,,
Brandon Sanderson,Fantasy,,,,,,
Rick Riordan,Fantasy,,,,,,
Cassandra Clare,Fantasy,,,,,,
Stephenie Meyer,Fantasy,,,,,,
Robert Jordan,Fantasy,,,,,,
Terry Pratchett,Fantasy,,,,,,
Sarah J. Maas,Fantasy,,,,,,
Erin Morgenstern,Fantasy,,,,,,
Kristin Cashore,Fantasy,,,,,,
William Goldman,Fantasy,,,,,,
John Tiffany,Fantasy,,,,,,
Leigh Bardugo,Fantasy,,,,,,
Scott Lynch,Fantasy,,,,,,
Robin Hobb,Fantasy,,,,,,
V.E. Schwab,Fantasy,,,,,,
Harper Lee,Fiction,,,,,,
George Orwell,Fiction,,,,,,
F. Scott Fitzgerald,Fiction,,,,,,
J.D. Salinger,Fiction,,,,,,
Suzanne Collins,Fiction,,,,,,
Khaled Hosseini,Fiction,,,,,,
Margaret Atwood,Fiction,,,,,,
William Golding,Fiction,,,,,,
Jane Austen,Fiction,,,,,,
Paulo Coelho,Fiction,,,,,,
Yann Martel,Fiction,,,,,,
Ray Bradbury,Fiction,,,,,,
Stieg Larsson,Fiction,,,,,,
Aldous Huxley,Fiction,,,,,,
Markus Zusak,Fiction,,,,,,
John Steinbeck,Fiction,,,,,,
Mark Haddon,Fiction,,,,,,
Kathryn Stockett,Fiction,,,,,,
Kurt Vonnegut,Fiction,,,,,,
Charlotte Bronte,Fiction,,,,,,
John Green,Fiction,,,,,,
Audrey Niffenegger,Fiction,,,,,,
Arthur Golden,Fiction,,,,,,
Sara Gruen,Fiction,,,,,,
Cormac McCarthy,Fiction,,,,,,
Douglas Adams,Fiction,,,,,,
Joseph Heller,Fiction,,,,,,
Mary Wollstonecraft Shelly,Fiction,,,,,,
Gabriel Garcia Marquez,Fiction,,,,,,
Mark Twain,Fiction,,,,,,
Oscar Wilde,Fiction,,,,,,
Anthony Doerr,Fiction,,,,,,
Diana Gabaldon,Historical fiction,,,,,,
Ken Follett,Historical fiction,,,,,,
Kristin Hannah,Historical fiction,,,,,,
Philippa Gregory,Historical fiction,,,,,,
Mary Ann Shaffer,Historical fiction,,,,,,
Margaret Mitchell,Historical fiction,,,,,,
Ruta Sepetys,Historical fiction,,,,,,
Elizabeth E. Wein,Historical fiction,,,,,,
Hilary Mantel,Historical fiction,,,,,,
John Boyne,Historical fiction,,,,,,
Anita Diamant,Historical fiction,,,,,,
Tatiana de Rosnay,Historical fiction,,,,,,
Colson Whitehead,Historical fiction,,,,,,
Christina Baker Kline,Historical fiction,,,,,,
Lisa See,Historical fiction,,,,,,
Carlos Ruiz Zafon,Historical fiction,,,,,,
Sue Monk Kidd,Historical fiction,,,,,,
Amor Towles,Historical fiction,,,,,,
Kate Quinn,Historical fiction,,,,,,
Madeline Miller,Historical fiction,,,,,,
Paula McLain,Historical fiction,,,,,,
Geraldine Brooks,Historical fiction,,,,,,
Ian McEwan,Historical fiction,,,,,,
Martha Hall Kelly,Historical fiction,,,,,,
Bernard Cornwell,Historical fiction,,,,,,
Lisa Wingate,Historical fiction,,,,,,
Mackenzi Lee,Historical fiction,,,,,,
Jean M. Auel,Historical fiction,,,,,,
Jared Diamond,History,,,,,,
Yuval Noah Harari,History,,,,,,
Howard Zinn,History,,,,,,
Bill Bryson,History,,,,,,
William L. Shirer,History,,,,,,
Charles C. Mann,History,,,,,,
Dee Brown,History,,,,,,
Barbara W. Tuchman,History,,,,,,
Mary Beard,History,,,,,,
Simon Winchester,History,,,,,,
James W. Loewen,History,,,,,,
Jack Weatherford,History,,,,,,
Herodotus,History,,,,,,
Mark Kurlansky,History,,,,,,
Adam Hochschild,History,,,,,,
Stephen E. Ambrose,History,,,,,,
David Grann,History,,,,,,
Nathaniel Philbrick,History,,,,,,
Candice Millard,History,,,,,,
Joseph J. Ellis,History,,,,,,
Isabel Wilkerson,History,,,,,,
Thomas Cahill,History,,,,,,
Dava Sobel,History,,,,,,
Steven Johnson,History,,,,,,
John Hersey,History,,,,,,
Timothy Egan,History,,,,,,
Daniel James Brown,History,,,,,,
Ian Mortimer,History,,,,,,
Sun Tzu,History,,,,,,
James M. McPherson,History,,,,,,
Alison Weir,History,,,,,,
Margot Lee Shetterly,History,,,,,,
Stephen King,Horror,,,,,,
Bram Stoker,Horror,,,,,,
Shirley Jackson,Horror,,,,,,
Max Brooks,Horror,,,,,,
Anne Rice,Horror,,,,,,
Mark Z. Danielewski,Horror,,,,,,
Joe Hill,Horror,,,,,,
Josh Malerman,Horror,,,,,,
William Peter Blatty,Horror,,,,,,
John Ajvide Lindqvist,Horror,,,,,,
Robert Louis Stevenson,Horror,,,,,,
M.R. Carey,Horror,,,,,,
Richard Bachman,Horror,,,,,,
Ira Levin,Horror,,,,,,
Justin Cronin,Horror,,,,,,
Guillermo del Toro,Horror,,,,,,
Richard Matheson,Horror,,,,,,
David Sedaris,Humor,,,,,,
Allie Brosh,Humor,,,,,,
Christopher Moore,Humor,,,,,,
Jenny Lawson,Humor,,,,,,
Jon Stewart,Humor,,,,,,
Justin Halpern,Humor,,,,,,
Maria Semple,Humor,,,,,,
Aziz Ansari,Humor,,,,,,
Helen Fielding,Humor,,,,,,
Graeme Simsion,Humor,,,,,,
John Kennedy Toole,Humor,,,,,,
Jim Gaffigan,Humor,,,,,,
Sarah Andersen,Humor,,,,,,
Randall Munroe,Humor,,,,,,
Janet Evanovich,Humor,,,,,,
Chelsea Handler,Humor,,,,,,
Adam Mansbach,Humor,,,,,,
Ellen DeGeneres,Humor,,,,,,
Jonas Jonasson,Humor,,,,,,
Amy Schumer,Humor,,,,,,
Oliver Sacks,Music,,,,,,
Daniel J. Levitin,Music,,,,,,
Alex Ross,Music,,,,,,
Keith Richards,Music,,,,,,
Legs McNeil,Music,,,,,,
Bob Dylan,Music,,,,,,
David Byrne,Music,,,,,,
Nick Hornby,Music,,,,,,
Michael Azerrad,Music,,,,,,
Carrie Brownstein,Music,,,,,,
Kim Gordon,Music,,,,,,
Rob Sheffield,Music,,,,,,
Danny Sugerman,Music,,,,,,
Simon Reynolds,Music,,,,,,
Anthony Kiedis,Music,,,,,,
Neil Strauss,Music,,,,,,
Bruce Springsteen,Music,,,,,,
Aaron Copland,Music,,,,,,
Jennifer Egan,Music,,,,,,
Miles Davis,Music,,,,,,
Gayle Forman,Music,,,,,,
Lester Bangs,Music,,,,,,
Johnny Cash,Music,,,,,,
Stephen Davis,Music,,,,,,
Kylie Scott,Music,,,,,,
Taylor Jenkins Reid,Music,,,,,,
Eric Clapton,Music,,,,,,
Rachel Cohn,Music,,,,,,
Kurt Donald Cobain,Music,,,,,,
Sara Marcus,Music,,,,,,
Viv Albertine,Music,,,,,,
Jon Savage,Music,,,,,,
Pamela Des Barres,Music,,,,,,
Nikki Sixx,Music,,,,,,
Marilyn Manson,Music,,,,,,
Ozzy Osbourne,Music,,,,,,
Chuck Klosterman,Music,,,,,,
Deborah Curtis,Music,,,,,,
Michael Moynihan,Music,,,,,,
Leila Sales,Music,,,,,,
Ian MacDonald,Music,,,,,,
Jeff Chang,Music,,,,,,
Ted Gioia,Music,,,,,,
Bob Spitz,Music,,,,,,
Susan Cain,Nonfiction,,,,,,
Mary Roach,Nonfiction,,,,,,
Marie Kondo,Nonfiction,,,,,,
Chimamanda Ngozi Adichie,Nonfiction,,,,,,
Ta-Nehisi Coates,Nonfiction,,,,,,
Stephen Hawking,Nonfiction,,,,,,
Michael Pollan,Nonfiction,,,,,,
Richard Dawkins,Nonfiction,,,,,,
Viktor E. Frankl,Nonfiction,,,,,,
Mark Manson,Nonfiction,,,,,,
Jon Ronson,Nonfiction,,,,,,
Plato,Philosophy,,,,,,
Marcus Aurelius,Philosophy,,,,,,
Friedrich Nietsche,Philosophy,,,,,,
Jostein Gaarder,Philosophy,,,,,,
Niccolo Machiavelli,Philosophy,,,,,,
Albert Camus,Philosophy,,,,,,
Robert M. Pirsig,Philosophy,,,,,,
Lao Tzu,Philosophy,,,,,,
Aristotle,Philosophy,,,,,,
Bertrand Russell,Philosophy,,,,,,
Hermann Hesse,Philosophy,,,,,,
Immanuel Kant,Philosophy,,,,,,
Karl Marx,Philosophy,,,,,,
Voltaire,Philosophy,,,,,,
Martin Heidegger,Philosophy,,,,,,
Jean-Paul Sartre,Philosophy,,,,,,
Thomas Hobbes,Philosophy,,,,,,
Soren Kierkegaard,Philosophy,,,,,,
Seneca,Philosophy,,,,,,
David Hume,Philosophy,,,,,,
Henry David Thoreau,Philosophy,,,,,,
Ayn Rand,Philosophy,,,,,,
John Stuart Mill,Philosophy,,,,,,
Jean-Jacques Rousseau,Philosophy,,,,,,
Thomas More,Philosophy,,,,,,
Ludwig Wittgenstein,Philosophy,,,,,,
Kahlil Gibran,Philosophy,,,,,,
Will Durant,Philosophy,,,,,,
Baruch Spinoza,Philosophy,,,,,,
Rene Descartes,Philosophy,,,,,,
Benjamin Hoff,Philosophy,,,,,,
Michel Foucault,Philosophy,,,,,,
Alain de Botton,Philosophy,,,,,,
Rupi Kaur,Poetry,,,,,,
Walt Whitman,Poetry,,,,,,
Sylvia Plath,Poetry,,,,,,
Allen Ginsberg,Poetry,,,,,,
Homer,Poetry,,,,,,
Emily Dickinson,Poetry,,,,,,
John Milton,Poetry,,,,,,
William Shakespeare,Poetry,,,,,,
Pablo Neruda,Poetry,,,,,,
T.S. Eliot,Poetry,,,,,,
Charles Baudelaire,Poetry,,,,,,
Edgar Allan Poe,Poetry,,,,,,
Claudia Rankine,Poetry,,,,,,
William Blake,Poetry,,,,,,
Robert Frost,Poetry,,,,,,
Nayyirah Waheed,Poetry,,,,,,
W.B. Yeats,Poetry,,,,,,
Dante Alighieri,Poetry,,,,,,
Richard Siken,Poetry,,,,,,
Lang Leav,Poetry,,,,,,
Samuel Taylor Coleridge,Poetry,,,,,,
Jacqueline Woodson,Poetry,,,,,,
Elizabeth Acevedo,Poetry,,,,,,
Warsan Shire,Poetry,,,,,,
Rumi,Poetry,,,,,,
Ocean Vuong,Poetry,,,,,,
Sarah Kay,Poetry,,,,,,
E.E. Cummings,Poetry,,,,,,
Mary Oliver,Poetry,,,,,,
Anne Carson,Poetry,,,,,,
Virgil,Poetry,,,,,,
Geoffrey Chaucer,Poetry,,,,,,
Anne Sexton,Poetry,,,,,,
Rainer Maria Rilke,Poetry,,,,,,
John Keats,Poetry,,,,,,
Christopher Hitchens,Religion,,,,,,
Karen Armstrong,Religion,,,,,,
Reza Aslan,Religion,,,,,,
Sam Harris,Religion,,,,,,
Krishna-Dwaipayana Vyasa,Religion,,,,,,
Augustine of Hippo,Religion,,,,,,
Bart D. Ehrman,Religion,,,,,,
A.J. Jacobs,Religion,,,,,,
William Paul Young,Religion,,,,,,
Lawrence Wright,Religion,,,,,,
Elaine Pagels,Religion,,,,,,
William James,Religion,,,,,,
John Bunyan,Religion,,,,,,
Ayaan Hirsi Ali,Religion,,,,,,
Daniel C. Dennett,Religion,,,,,,
Huston Smith,Religion,,,,,,
Robert Wright,Religion,,,,,,
Lee Strobel,Religion,,,,,,
G.K. Chesterton,Religion,,,,,,
Rick Warren,Religion,,,,,,
Donald Miller,Religion,,,,,,
Todd Burpo,Religion,,,,,,
Carl Sagan,Science,,,,,,
Neil deGrasse Tyson,Science,,,,,,
Charles Darwin,Science,,,,,,
Brian Greene,Science,,,,,,
Sam Kean,Science,,,,,,
Siddhartha Mukherjee,Science,,,,,,
Elizabeth Kolbert,Science,,,,,,
Douglas R. Hofstadter,Science,,,,,,
Michio Kaku,Science,,,,,,
Carlo Rovelli,Science,,,,,,
Ben Goldacre,Science,,,,,,
Thomas S. Kuhn,Science,,,,,,
James Gleick,Science,,,,,,
Matt Ridley,Science,,,,,,
Lawrence M. Krauss,Science,,,,,,
Richard Preston,Science,,,,,,
Neil Shubin,Science,,,,,,
Ed Yong,Science,,,,,,
Hope Jahren,Science,,,,,,
Albert Einstein,Science,,,,,,
Orson Scott Card,Science fiction,,,,,,
Frank Herbert,Science fiction,,,,,,
Andy Weir,Science fiction,,,,,,
Ernest Cline,Science fiction,,,,,,
Isaac Asimov,Science fiction,,,,,,
Philip K. Dick,Science fiction,,,,,,
H.G. Wells,Science fiction,,,,,,
William Gibson,Science fiction,,,,,,
Veronica Roth,Science fiction,,,,,,
Robert A. Heinlein,Science fiction,,,,,,
Michael Crichton,Science fiction,,,,,,
Arthur C. Clarke,Science fiction,,,,,,
Marissa Meyer,Science fiction,,,,,,
James S.A. Corey,Science fiction,,,,,,
Dan Simmons,Science fiction,,,,,,
Neal Stephenson,Science fiction,,,,,,
Ursula K. Le Guin,Science fiction,,,,,,
John Scalzi,Science fiction,,,,,,
Pierce Brown,Science fiction,,,,,,
Joe Haldeman,Science fiction,,,,,,
James Dashner,Science fiction,,,,,,
Liu Cixin,Science fiction,,,,,,
Blake Crouch,Science fiction,,,,,,
Ann Leckie,Science fiction,,,,,,
A.J. Finn,Suspense,,,,,,
S.J. Watson,Suspense,,,,,,
Ruth Ware,Suspense,,,,,,
B.A. Paris,Suspense,,,,,,
Daphne du Maurier,Suspense,,,,,,
John Grisham,Suspense,,,,,,
Dennis Lehane,Suspense,,,,,,
Shari Lapena,Suspense,,,,,,
Robin Waterfield,Suspense,,,,,,
Robert Ludlum,Suspense,,,,,,
Greer Hendricks,Suspense,,,,,,
Mary Kubica,Suspense,,,,,,
J.D. Robb,Suspense,,,,,,
Alex Michaelides,Suspense,,,,,,
Tom Clancy,Suspense,,,,,,
William Landay,Suspense,,,,,,
Alice Feeney,Suspense,,,,,,
Eckhart Tolle,Spirituality,,,,,,
Miguel Ruiz,Spirituality,,,,,,
Dalai Lama XIV,Spirituality,,,,,,
Michael A. Singer,Spirituality,,,,,,
James Redfield,Spirituality,,,,,,
Paramahansa Yogananda,Spirituality,,,,,,
Pema Chodron,Spirituality,,,,,,
Shunryu Suzuki,Spirituality,,,,,,
Rhonda Byrne,Spirituality,,,,,,
Jon Kabat-Zinn,Spirituality,,,,,,
Thich Nhat Hanh,Spirituality,,,,,,
Deepak Chopra,Spirituality,,,,,,
Ram Dass,Spirituality,,,,,,
Richard Bach,Spirituality,,,,,,
Neale Donald Walsch,Spirituality,,,,,,
Anne Lamott,Spirituality,,,,,,
M. Scott Peck,Spirituality,,,,,,
Clarissa Pinkola Estes,Spirituality,,,,,,
Dan Millman,Spirituality,,,,,,
Carlos Castaneda,Spirituality,,,,,,
Caroline Myss,Spirituality,,,,,,
Marianne Williamson,Spirituality,,,,,,
Gary Zukav,Spirituality,,,,,,
Tara Brach,Spirituality,,,,,,
Richard Rohr,Spirituality,,,,,,
Brian L. Weiss,Spirituality,,,,,,
Christopher McDougall,Sports,,,,,,
H.G. Bissinger,Sports,,,,,,
Kwame Alexander,Sports,,,,,,
Bill Simmons,Sports,,,,,,
Andre Agassi,Sports,,,,,,
Jim Bouton,Sports,,,,,,
Chad Harbach,Sports,,,,,,
Jason Reynolds,Sports,,,,,,
Fredrik Backman,Sports,,,,,,
Nick Hornby,Sports,,,,,,
Roger Kahn,Sports,,,,,,
Simon Kuper,Sports,,,,,,
James Andrew Miller,Sports,,,,,,
Rolf Potts,Travel,,,,,,
Frances Mayes,Travel,,,,,,
Peter Mayle,Travel,,,,,,
Jack Kerouac,Travel,,,,,,
Paul Theroux,Travel,,,,,,
Eric Weiner,Travel,,,,,,
Patricia Schultz,Travel,,,,,,
Bruce Chatwin,Travel,,,,,,
Patrick Leigh Fermor,Travel,,,,,,
Rita Golden Gelman,Travel,,,,,,
Alice Steinbach,Travel,,,,,,
Tony Hawks,Travel,,,,,,
Mark Adams,Travel,,,,,,
J. Maarten Troost,Travel,,,,,,
Heinrich Harrer,Travel,,,,,,
Joshua Foer,Travel,,,,,,
Roz Hopkins,Travel,,,,,,
Sarah MacDonald,Travel,,,,,,
Peter Matthiessen,Travel,,,,,,
Rory Stewart,Travel,,,,,,
Ernesto Che Guevara,Travel,,,,,,
Eric Newby,Travel,,,,,,
Thor Heyerdahl,Travel,,,,,,
Robyn Davidson,Travel,,,,,,
Jennifer Baggett,Travel,,,,,,
Greg Mortenson,Travel,,,,,,
Stephen Chbosky,Young adult,,,,,,
Rainbow Rowell,Young adult,,,,,,
Jay Asher,Young adult,,,,,,
Ransom Riggs,Young adult,,,,,,
Ally Condie,Young adult,,,,,,
Scott Westerfeld,Young adult,,,,,,
Laurie Halse Anderson,Young adult,,,,,,
Angie Thomas,Young adult,,,,,,
Kiera Cass,Young adult,,,,,,
Laini Taylor,Young adult,,,,,,
E. Lockhart,Young adult,,,,,,
Maggie Stiefvater,Young adult,,,,,,
S.E. Hinton,Young adult,,,,,,
Richelle Mead,Young adult,,,,,,
Lauren Oliver,Young adult,,,,,,
